Oper Day,Interval Ending,HB_BUSAVG,HB_HOUSTON,HB_HUBAVG,HB_NORTH,HB_PAN,HB_SOUTH,HB_WEST,LZ_AEN,LZ_CPS,LZ_HOUSTON,LZ_LCRA,LZ_NORTH,LZ_RAYBN,LZ_SOUTH,LZ_WEST,ts,Creation_Date,Update_Date
04/18/2024,15,9.98,10.16,10.0,9.84,9.62,10.47,9.52,10.45,10.6,10.17,10.8,9.82,9.81,10.46,9.42,2024-04-18 00:15:00,2024-04-18 16:04:32,2024-04-18 16:04:33
04/18/2024,30,9.86,10.04,9.88,9.72,9.5,10.35,9.4,10.33,10.48,10.05,10.67,9.7,9.69,10.28,9.31,2024-04-18 00:30:00,2024-04-18 16:04:32,2024-04-18 16:04:33
04/18/2024,45,8.26,8.44,8.28,8.12,7.9,8.76,7.79,8.74,8.9,8.45,9.09,8.1,8.09,8.66,7.7,2024-04-18 00:45:00,2024-04-18 16:04:32,2024-04-18 16:04:33
04/18/2024,100,6.51,6.69,6.53,6.39,6.18,6.95,6.09,6.95,7.08,6.69,7.26,6.37,6.36,7.01,6.0,2024-04-18 01:00:00,2024-04-18 16:04:32,2024-04-18 16:04:33
04/18/2024,115,6.78,6.96,6.8,6.64,6.41,7.28,6.3,7.27,7.42,6.97,7.61,6.62,6.61,7.19,6.21,2024-04-18 01:15:00,2024-04-18 16:04:32,2024-04-18 16:04:33
04/18/2024,130,6.18,6.36,6.19,6.04,5.82,6.67,5.71,6.65,6.8,6.36,6.98,6.02,6.01,6.57,5.63,2024-04-18 01:30:00,2024-04-18 16:04:32,2024-04-18 16:04:33
04/18/2024,145,6.04,6.21,6.05,5.9,5.68,6.52,5.58,6.5,6.65,6.22,6.83,5.88,5.87,6.42,5.49,2024-04-18 01:45:00,2024-04-18 16:04:32,2024-04-18 16:04:33
04/18/2024,200,6.04,6.19,6.06,5.93,5.75,6.44,5.66,6.43,6.55,6.19,6.7,5.91,5.9,6.35,5.59,2024-04-18 02:00:00,2024-04-18 16:04:32,2024-04-18 16:04:33
04/18/2024,215,7.05,7.28,7.04,7.04,6.88,7.04,6.8,7.5,7.61,7.28,7.75,7.03,7.02,6.54,6.73,2024-04-18 02:15:00,2024-04-18 16:04:32,2024-04-18 16:04:33
04/18/2024,230,7.82,7.98,7.84,7.71,7.51,8.24,7.42,8.24,8.37,7.99,8.53,7.69,7.68,8.13,7.35,2024-04-18 02:30:00,2024-04-18 16:04:32,2024-04-18 16:04:33
04/18/2024,245,7.06,7.19,7.07,6.95,6.79,7.42,6.71,7.41,7.52,7.2,7.66,6.94,6.93,7.33,6.64,2024-04-18 02:45:00,2024-04-18 16:04:32,2024-04-18 16:04:33
04/18/2024,300,7.3,7.44,7.31,7.19,7.03,7.67,6.95,7.66,7.77,7.44,7.92,7.18,7.17,7.58,6.88,2024-04-18 03:00:00,2024-04-18 16:04:32,2024-04-18 16:04:33
04/18/2024,315,7.64,7.78,7.65,7.53,7.36,8.02,7.28,8.01,8.13,7.79,8.28,7.52,7.51,7.93,7.21,2024-04-18 03:15:00,2024-04-18 16:04:32,2024-04-18 16:04:33
04/18/2024,330,7.76,7.77,7.76,7.76,7.76,7.77,7.76,7.77,7.77,7.77,7.77,7.76,7.76,7.77,7.76,2024-04-18 03:30:00,2024-04-18 16:04:32,2024-04-18 16:04:33
04/18/2024,345,7.63,7.64,7.63,7.61,7.59,7.67,7.58,7.67,7.69,7.64,7.71,7.61,7.61,7.67,7.57,2024-04-18 03:45:00,2024-04-18 16:04:32,2024-04-18 16:04:33
04/18/2024,400,6.18,6.18,6.18,6.18,6.18,6.18,6.18,6.18,6.18,6.18,6.19,6.18,6.18,6.18,6.18,2024-04-18 04:00:00,2024-04-18 16:04:32,2024-04-18 16:04:33
04/18/2024,415,6.41,6.44,6.41,6.38,6.34,6.5,6.32,6.5,6.53,6.44,6.57,6.38,6.37,6.5,6.3,2024-04-18 04:15:00,2024-04-18 16:04:32,2024-04-18 16:04:33
04/18/2024,430,7.06,7.06,7.06,7.06,7.06,7.06,7.06,7.06,7.06,7.06,7.06,7.06,7.06,7.06,7.06,2024-04-18 04:30:00,2024-04-18 16:04:32,2024-04-18 16:04:33
04/18/2024,445,4.6,4.67,4.59,4.67,4.67,4.33,4.67,4.67,4.67,4.67,4.67,4.67,4.67,4.04,4.67,2024-04-18 04:45:00,2024-04-18 16:04:32,2024-04-18 16:04:33
04/18/2024,500,3.96,4.01,3.95,4.01,4.01,3.79,4.01,4.01,4.01,4.01,4.01,4.01,4.01,3.53,4.01,2024-04-18 05:00:00,2024-04-18 16:04:32,2024-04-18 16:04:33
04/18/2024,515,3.65,3.74,3.66,3.58,3.46,3.9,3.41,3.89,3.97,3.74,4.07,3.57,3.56,3.82,3.37,2024-04-18 05:15:00,2024-04-18 16:04:32,2024-04-18 16:04:33
04/18/2024,530,6.23,6.31,6.23,6.16,6.06,6.45,6.01,6.44,6.51,6.31,6.6,6.15,6.15,6.36,5.97,2024-04-18 05:30:00,2024-04-18 16:04:32,2024-04-18 16:04:33
04/18/2024,545,7.82,7.82,7.82,7.82,7.82,7.82,7.82,7.82,7.82,7.82,7.82,7.82,7.82,7.75,7.82,2024-04-18 05:45:00,2024-04-18 16:04:32,2024-04-18 16:04:33
04/18/2024,600,8.62,8.62,8.62,8.62,2.5,8.62,8.62,8.62,8.62,8.62,8.62,8.62,8.62,8.62,8.62,2024-04-18 06:00:00,2024-04-18 16:04:32,2024-04-18 16:04:33
04/18/2024,615,11.6,11.65,11.61,11.57,-1.68,11.72,11.49,11.72,11.76,11.65,11.81,11.57,11.56,11.72,11.46,2024-04-18 06:15:00,2024-04-18 16:04:32,2024-04-18 16:04:33
04/18/2024,630,12.73,12.8,12.74,12.68,-0.12,12.92,12.55,12.92,12.98,12.8,13.05,12.67,12.67,12.92,12.51,2024-04-18 06:30:00,2024-04-18 16:04:32,2024-04-18 16:04:33
04/18/2024,645,13.25,13.32,13.25,13.18,0.72,13.46,13.04,13.45,13.52,13.33,13.6,13.18,13.17,13.45,13.0,2024-04-18 06:45:00,2024-04-18 16:04:32,2024-04-18 16:04:33
04/18/2024,700,13.69,13.71,13.69,13.68,0.77,13.74,13.64,13.74,13.76,13.71,13.78,13.67,13.67,13.74,13.62,2024-04-18 07:00:00,2024-04-18 16:04:32,2024-04-18 16:04:33
04/18/2024,715,13.69,13.69,13.69,13.69,-1.43,13.69,13.69,13.69,13.69,13.69,13.69,13.69,13.69,13.69,13.68,2024-04-18 07:15:00,2024-04-18 16:04:32,2024-04-18 16:04:33
04/18/2024,730,12.98,12.98,12.98,12.98,-1.55,12.98,12.98,12.98,12.98,12.98,12.98,12.98,12.98,12.98,12.97,2024-04-18 07:30:00,2024-04-18 16:04:32,2024-04-18 16:04:33
04/18/2024,745,12.62,14.24,12.62,12.14,-1.79,14.32,9.78,14.96,13.98,14.24,14.45,12.17,12.13,14.41,9.78,2024-04-18 07:45:00,2024-04-18 16:04:32,2024-04-18 16:04:33
04/18/2024,800,9.42,13.8,9.42,8.12,-2.44,14.01,1.73,15.76,13.1,13.82,14.4,8.2,8.11,14.28,1.74,2024-04-18 08:00:00,2024-04-18 16:04:32,2024-04-18 16:04:33
04/18/2024,815,9.21,13.89,9.2,7.83,-1.84,14.11,0.97,15.99,13.13,13.91,14.52,7.91,7.81,14.41,0.93,2024-04-18 08:15:00,2024-04-18 16:04:32,2024-04-18 16:04:33
04/18/2024,830,8.32,12.96,8.31,6.96,-0.21,13.17,0.15,15.04,12.2,12.98,13.59,7.04,6.94,13.48,0.12,2024-04-18 08:30:00,2024-04-18 16:04:32,2024-04-18 16:04:33
04/18/2024,845,7.42,11.71,7.41,6.16,-0.35,11.9,-0.11,13.62,11.0,11.72,12.29,6.24,6.14,12.18,-0.1,2024-04-18 08:45:00,2024-04-18 16:04:32,2024-04-18 16:04:33
04/18/2024,900,7.43,11.73,7.42,6.17,-0.44,11.92,-0.13,13.65,11.03,11.75,12.32,6.24,6.14,12.19,-0.18,2024-04-18 09:00:00,2024-04-18 16:04:32,2024-04-18 16:04:33
04/18/2024,915,8.2,12.89,8.19,6.83,-0.49,13.1,-0.04,14.98,12.12,12.91,13.52,6.9,6.8,13.39,-0.08,2024-04-18 09:15:00,2024-04-18 16:04:32,2024-04-18 16:04:33
04/18/2024,930,8.14,12.78,8.13,6.77,-1.15,12.99,-0.01,14.87,12.03,12.8,13.44,6.83,6.74,13.28,-0.03,2024-04-18 09:30:00,2024-04-18 16:04:32,2024-04-18 16:04:33
04/18/2024,945,8.17,12.63,7.98,7.08,-1.94,12.79,-0.59,14.58,11.85,12.65,13.23,7.46,7.16,13.06,1.85,2024-04-18 09:45:00,2024-04-18 16:04:32,2024-04-18 16:04:33
04/18/2024,1000,9.21,13.74,8.15,9.23,-5.93,13.61,-3.96,15.31,12.66,13.75,14.05,10.66,9.73,13.86,6.13,2024-04-18 10:00:00,2024-04-18 16:04:32,2024-04-18 16:04:33
04/18/2024,1015,7.78,11.93,7.54,6.87,-1.33,12.05,-0.7,13.7,11.17,11.95,12.46,7.28,6.96,12.29,1.62,2024-04-18 10:15:00,2024-04-18 16:04:32,2024-04-18 16:04:33
04/18/2024,1030,7.79,11.59,7.4,7.17,-2.62,11.64,-0.81,13.13,10.84,11.6,12.01,7.76,7.34,11.85,2.89,2024-04-18 10:30:00,2024-04-18 16:04:32,2024-04-18 16:04:33
04/18/2024,1045,8.33,12.26,8.2,7.27,-2.55,12.61,0.67,14.39,11.83,12.28,13.58,7.66,7.3,12.8,2.15,2024-04-18 10:45:00,2024-04-18 16:04:32,2024-04-18 16:04:33
04/18/2024,1100,8.07,12.07,8.36,6.39,-2.72,12.85,2.15,14.61,12.15,12.1,13.76,6.54,6.29,13.02,3.07,2024-04-18 11:00:00,2024-04-18 16:04:32,2024-04-18 16:04:33
04/18/2024,1115,8.91,13.24,9.29,6.98,-2.88,14.2,2.75,16.07,13.5,13.27,15.23,7.15,6.83,14.39,4.12,2024-04-18 11:15:00,2024-04-18 16:04:32,2024-04-18 16:04:33
04/18/2024,1130,8.45,12.49,8.94,6.43,-3.08,13.64,3.21,15.29,13.07,12.52,14.56,6.6,6.26,13.86,5.2,2024-04-18 11:30:00,2024-04-18 16:04:32,2024-04-18 16:04:33
04/18/2024,1145,8.76,12.95,9.06,6.92,-3.06,14.09,2.28,15.71,13.55,12.98,15.23,6.84,6.23,14.28,3.62,2024-04-18 11:45:00,2024-04-18 16:04:32,2024-04-18 16:04:33
04/18/2024,1200,8.59,13.0,8.82,6.8,-3.06,14.06,1.42,15.75,13.45,13.03,15.2,6.58,5.85,14.27,2.55,2024-04-18 12:00:00,2024-04-18 16:04:32,2024-04-18 16:04:33
04/18/2024,1215,8.54,13.63,9.01,5.9,-3.08,16.24,0.29,19.78,15.81,13.7,21.94,6.5,4.78,16.47,1.25,2024-04-18 12:15:00,2024-04-18 16:04:32,2024-04-18 16:04:33
04/18/2024,1230,8.79,14.41,9.42,5.59,-3.09,17.96,-0.28,22.72,17.6,14.5,26.52,6.75,4.34,18.21,0.62,2024-04-18 12:30:00,2024-04-18 16:04:32,2024-04-18 16:04:33
04/18/2024,1245,8.49,14.06,9.18,5.25,-3.09,17.61,-0.21,23.22,16.98,14.14,27.63,6.68,3.89,18.0,0.9,2024-04-18 12:45:00,2024-04-18 16:04:32,2024-04-18 16:04:33
04/18/2024,1300,9.8,16.77,10.92,5.08,-3.1,22.63,-0.79,31.89,22.05,16.91,40.49,8.03,3.4,23.01,0.51,2024-04-18 13:00:00,2024-04-18 16:04:32,2024-04-18 16:04:33
04/18/2024,1315,14.83,25.0,16.99,6.41,-3.19,37.52,-0.96,90.65,37.16,25.28,68.04,11.31,4.44,35.61,0.35,2024-04-18 13:15:00,2024-04-18 16:04:32,2024-04-18 16:04:33
04/18/2024,1330,11.08,19.05,12.44,5.43,-3.13,26.39,-1.11,36.81,26.04,19.21,48.12,9.12,3.64,26.81,0.01,2024-04-18 13:30:00,2024-04-18 16:04:32,2024-04-18 16:04:33
04/18/2024,1345,11.52,19.73,12.88,5.81,-3.05,27.03,-1.05,37.92,26.48,19.9,49.45,9.56,3.95,27.5,0.09,2024-04-18 13:45:00,2024-04-18 16:04:32,2024-04-18 16:04:33
04/18/2024,1400,11.88,20.21,13.27,6.07,-3.02,27.78,-0.97,38.72,27.35,20.39,50.66,9.89,4.21,28.31,-0.01,2024-04-18 14:00:00,2024-04-18 16:04:32,2024-04-18 16:04:33
04/18/2024,1415,21.66,36.61,24.63,9.91,-2.67,53.31,-1.29,73.69,53.89,36.98,99.64,18.06,7.03,54.11,-0.44,2024-04-18 14:15:00,2024-04-18 16:04:32,2024-04-18 16:04:33
04/18/2024,1430,17.61,29.76,20.22,7.6,-1.18,44.27,-0.75,61.8,44.91,30.07,84.91,15.02,5.48,44.85,-0.05,2024-04-18 14:30:00,2024-04-18 16:04:32,2024-04-18 16:04:33
04/18/2024,1445,15.05,25.8,17.69,5.45,-0.37,40.07,-0.58,57.0,40.92,26.1,80.45,12.87,3.86,40.57,0.17,2024-04-18 14:45:00,2024-04-18 16:04:32,2024-04-18 16:04:33
04/18/2024,1500,10.69,14.62,10.32,9.84,-0.02,15.33,1.48,17.04,14.76,14.64,16.75,10.21,9.85,15.33,3.75,2024-04-18 15:00:00,2024-04-18 16:04:32,2024-04-18 16:04:33
04/18/2024,1515,9.73,14.28,9.77,7.77,-0.88,16.85,0.19,23.14,15.96,14.34,29.18,10.31,7.48,17.17,2.48,2024-04-18 15:15:00,2024-04-18 16:04:32,2024-04-18 16:04:33
04/18/2024,1530,11.25,15.47,10.99,9.93,-1.11,17.28,1.26,23.27,16.23,15.53,28.77,12.19,9.62,17.57,1.96,2024-04-18 15:30:00,2024-04-18 16:04:32,2024-04-18 16:04:33
04/18/2024,1545,10.52,15.57,10.69,7.79,-0.66,20.22,-0.81,31.24,19.14,15.69,44.67,12.55,7.12,20.79,1.29,2024-04-18 15:45:00,2024-04-18 16:04:32,2024-04-18 16:04:33
04/18/2024,1600,10.86,16.04,11.29,7.91,-0.18,20.13,1.08,30.51,19.05,16.34,42.15,12.01,7.16,20.59,0.78,2024-04-18 16:00:00,2024-04-18 16:04:32,2024-04-18 16:04:33
04/18/2024,1615,12.41,19.06,13.08,8.91,2.14,22.4,1.95,33.86,21.45,20.39,46.39,13.12,8.13,22.99,1.96,2024-04-18 16:15:00,2024-04-18 16:04:32,2024-04-18 16:04:33
04/18/2024,1630,11.97,17.26,12.38,9.09,1.41,20.97,2.21,29.75,19.88,17.37,38.9,12.26,8.49,21.42,2.39,2024-04-18 16:30:00,2024-04-18 16:04:32,2024-04-18 16:04:33
04/18/2024,1645,15.02,21.32,15.31,12.32,6.07,23.66,3.94,29.96,22.41,21.4,34.24,14.06,11.92,23.99,4.06,2024-04-18 16:45:00,2024-04-18 16:04:32,2024-04-18 16:04:33
04/18/2024,1700,12.98,19.76,13.16,10.29,0.43,22.04,0.53,27.68,20.84,19.84,31.1,11.71,9.56,22.39,3.17,2024-04-18 17:00:00,2024-04-18 16:04:32,2024-04-18 16:04:33
04/17/2024,0015,25.45,27.48,29.17,17.94,-14.75,37.89,33.36,32.53,42.77,27.67,37.74,17.34,17.25,39.04,67.00,2024-04-17 00:15:00,2024-04-18 16:04:33,2024-04-18 16:04:33
04/17/2024,0030,20.44,20.88,21.77,18.16,-15.73,23.19,24.86,22.48,24.05,20.92,23.16,17.96,17.62,22.98,38.25,2024-04-17 00:30:00,2024-04-18 16:04:33,2024-04-18 16:04:33
04/17/2024,0045,19.71,19.71,21.02,17.81,-17.17,21.06,25.49,20.88,21.47,19.74,21.02,17.65,17.30,20.31,41.27,2024-04-17 00:45:00,2024-04-18 16:04:33,2024-04-18 16:04:33
04/17/2024,0100,17.98,17.91,19.38,15.99,-19.91,19.28,24.34,19.08,19.69,17.94,19.21,15.83,15.48,18.61,42.03,2024-04-17 01:00:00,2024-04-18 16:04:33,2024-04-18 16:04:33
04/17/2024,0115,16.82,16.97,18.19,14.70,-20.48,18.76,22.31,18.21,19.39,17.01,18.62,14.55,14.19,19.26,40.25,2024-04-17 01:15:00,2024-04-18 16:04:33,2024-04-18 16:04:33
04/17/2024,0130,15.66,15.62,17.09,13.55,-19.00,17.28,21.90,16.64,17.89,15.66,17.05,13.41,13.10,18.21,43.34,2024-04-17 01:30:00,2024-04-18 16:04:33,2024-04-18 16:04:33
04/17/2024,0145,14.72,14.59,16.20,12.57,-19.48,16.22,21.43,15.53,16.84,14.63,15.95,12.44,12.14,17.33,44.79,2024-04-17 01:45:00,2024-04-18 16:04:33,2024-04-18 16:04:33
04/17/2024,0200,13.27,13.02,14.81,11.11,-19.63,14.58,20.51,13.84,15.19,13.05,14.25,10.98,10.72,15.94,46.23,2024-04-17 02:00:00,2024-04-18 16:04:33,2024-04-18 16:04:33
04/17/2024,0215,13.87,13.99,15.11,11.95,-19.60,15.61,18.89,15.08,16.18,14.03,15.47,11.81,11.49,16.12,35.37,2024-04-17 02:15:00,2024-04-18 16:04:33,2024-04-18 16:04:33
04/17/2024,0230,13.96,14.13,15.16,12.07,-19.57,15.76,18.68,15.26,16.33,14.17,15.64,11.93,11.61,16.15,33.86,2024-04-17 02:30:00,2024-04-18 16:04:33,2024-04-18 16:04:33
04/17/2024,0245,13.21,13.46,14.27,11.50,-18.27,14.99,17.12,14.58,15.51,13.49,14.92,11.37,11.05,15.17,29.14,2024-04-17 02:45:00,2024-04-18 16:04:33,2024-04-18 16:04:33
04/17/2024,0300,12.55,12.56,13.22,11.57,-3.94,13.35,15.39,13.06,13.64,12.58,13.26,11.50,11.35,13.73,24.93,2024-04-17 03:00:00,2024-04-18 16:04:33,2024-04-18 16:04:33
04/17/2024,0315,12.23,12.09,12.71,11.60,3.41,12.50,14.65,12.25,12.67,12.10,12.38,11.57,11.50,13.03,23.54,2024-04-17 03:15:00,2024-04-18 16:04:33,2024-04-18 16:04:33
04/17/2024,0330,12.00,11.69,12.23,11.81,12.72,11.62,13.79,11.45,11.65,11.68,11.48,11.83,11.87,12.31,21.39,2024-04-17 03:30:00,2024-04-18 16:04:33,2024-04-18 16:04:33
04/17/2024,0345,12.19,11.85,12.49,11.92,12.79,11.85,14.33,11.66,11.89,11.85,11.71,11.93,11.97,12.47,21.76,2024-04-17 03:45:00,2024-04-18 16:04:33,2024-04-18 16:04:33
04/17/2024,0400,12.78,12.42,13.06,12.56,13.62,12.35,14.91,12.14,12.38,12.42,12.19,12.58,12.63,13.14,23.84,2024-04-17 04:00:00,2024-04-18 16:04:33,2024-04-18 16:04:33
04/17/2024,0415,12.77,12.40,13.05,12.55,13.64,12.32,14.94,12.11,12.36,12.40,12.15,12.57,12.62,13.14,24.08,2024-04-17 04:15:00,2024-04-18 16:04:33,2024-04-18 16:04:33
04/17/2024,0430,12.74,12.14,13.49,11.93,12.87,12.42,17.47,12.11,12.58,12.14,12.24,11.92,11.95,13.00,26.52,2024-04-17 04:30:00,2024-04-18 16:04:33,2024-04-18 16:04:33
04/17/2024,0445,12.48,11.53,13.98,10.73,11.41,12.38,21.28,11.93,12.76,11.55,12.18,10.69,10.67,12.56,30.10,2024-04-17 04:45:00,2024-04-18 16:04:33,2024-04-18 16:04:33
04/17/2024,0500,12.62,11.48,14.51,10.39,10.99,12.60,23.54,12.07,13.09,11.50,12.40,10.33,10.30,12.62,32.63,2024-04-17 05:00:00,2024-04-18 16:04:33,2024-04-18 16:04:33
04/17/2024,0515,12.82,11.70,14.67,10.63,11.22,12.80,23.56,12.28,13.28,11.72,12.59,10.57,10.54,12.82,32.46,2024-04-17 05:15:00,2024-04-18 16:04:33,2024-04-18 16:04:33
04/17/2024,0530,13.25,12.31,14.81,11.40,11.90,13.24,22.31,12.80,13.64,12.32,13.06,11.35,11.32,13.25,29.79,2024-04-17 05:30:00,2024-04-18 16:04:33,2024-04-18 16:04:33
04/17/2024,0545,12.88,11.90,14.51,10.97,11.48,12.87,22.28,12.41,13.29,11.92,12.68,10.92,10.89,12.89,30.04,2024-04-17 05:45:00,2024-04-18 16:04:33,2024-04-18 16:04:33
04/17/2024,0600,14.08,13.18,15.55,12.33,12.80,14.06,22.63,13.65,14.44,13.20,13.90,12.29,12.26,14.08,29.69,2024-04-17 06:00:00,2024-04-18 16:04:33,2024-04-18 16:04:33
04/17/2024,0615,20.47,19.65,21.82,18.87,19.30,20.46,28.32,20.08,20.81,19.67,20.30,18.83,18.80,20.48,34.76,2024-04-17 06:15:00,2024-04-18 16:04:33,2024-04-18 16:04:33
04/17/2024,0630,21.23,20.55,23.21,18.64,3.03,22.24,31.41,21.64,22.89,20.58,22.05,18.52,18.32,22.23,43.33,2024-04-17 06:30:00,2024-04-18 16:04:33,2024-04-18 16:04:33
04/17/2024,0645,17.47,17.21,18.93,15.43,-3.89,18.71,24.39,18.24,19.25,17.24,18.59,15.31,15.09,18.69,34.52,2024-04-17 06:45:00,2024-04-18 16:04:33,2024-04-18 16:04:33
04/17/2024,0700,17.20,17.27,18.11,15.80,-3.78,18.44,20.92,18.13,18.85,17.29,18.39,15.70,15.49,18.39,28.57,2024-04-17 07:00:00,2024-04-18 16:04:33,2024-04-18 16:04:33
04/17/2024,0715,17.29,17.45,17.75,16.52,2.64,18.17,18.85,18.00,18.41,17.46,18.15,16.45,16.30,18.15,23.43,2024-04-17 07:15:00,2024-04-18 16:04:33,2024-04-18 16:04:33
04/17/2024,0730,17.63,17.60,17.74,17.49,16.36,17.71,18.18,17.67,17.74,17.61,17.70,17.48,17.46,17.71,18.89,2024-04-17 07:30:00,2024-04-18 16:04:33,2024-04-18 16:04:33
04/17/2024,0745,17.30,17.30,17.30,17.30,17.30,17.30,17.30,17.30,17.30,17.30,17.30,17.30,17.30,17.30,17.30,2024-04-17 07:45:00,2024-04-18 16:04:33,2024-04-18 16:04:33
04/17/2024,0800,17.17,17.17,17.17,17.17,17.16,17.17,17.17,17.17,17.17,17.17,17.17,17.17,17.17,17.17,17.18,2024-04-17 08:00:00,2024-04-18 16:04:33,2024-04-18 16:04:33
04/17/2024,0815,17.30,17.30,17.30,17.30,17.30,17.30,17.30,17.30,17.30,17.30,17.30,17.30,17.30,17.30,17.30,2024-04-17 08:15:00,2024-04-18 16:04:33,2024-04-18 16:04:33
04/17/2024,0830,17.16,17.16,17.16,17.16,17.16,17.16,17.16,17.16,17.16,17.16,17.16,17.16,17.16,17.16,17.16,2024-04-17 08:30:00,2024-04-18 16:04:33,2024-04-18 16:04:33
04/17/2024,0845,16.47,16.47,16.47,16.47,16.47,16.47,16.47,16.47,16.47,16.47,16.47,16.47,16.47,16.47,16.47,2024-04-17 08:45:00,2024-04-18 16:04:33,2024-04-18 16:04:33
04/17/2024,0900,14.74,14.74,14.74,14.74,14.74,14.74,14.74,14.74,14.74,14.74,14.74,14.74,14.74,14.74,14.74,2024-04-17 09:00:00,2024-04-18 16:04:33,2024-04-18 16:04:33
04/17/2024,0915,16.45,16.45,16.45,16.45,16.45,16.45,16.45,16.45,16.45,16.45,16.45,16.45,16.45,16.45,16.45,2024-04-17 09:15:00,2024-04-18 16:04:33,2024-04-18 16:04:33
04/17/2024,0930,17.40,17.65,17.36,17.65,17.65,16.50,17.65,17.65,17.65,17.65,17.65,17.65,17.65,15.29,17.65,2024-04-17 09:30:00,2024-04-18 16:04:33,2024-04-18 16:04:33
04/17/2024,0945,17.91,18.22,17.86,18.22,18.22,16.75,18.22,18.22,18.22,18.21,18.22,18.22,18.22,15.14,18.22,2024-04-17 09:45:00,2024-04-18 16:04:33,2024-04-18 16:04:33
04/17/2024,1000,18.17,18.32,18.15,18.32,18.32,17.61,18.32,18.32,18.32,18.31,18.32,18.32,18.32,16.79,18.32,2024-04-17 10:00:00,2024-04-18 16:04:33,2024-04-18 16:04:33
04/17/2024,1015,17.60,17.63,17.54,17.90,18.01,16.56,18.07,17.89,18.22,17.62,17.93,17.91,17.90,16.06,18.18,2024-04-17 10:15:00,2024-04-18 16:04:33,2024-04-18 16:04:33
04/17/2024,1030,17.45,17.32,17.32,18.14,18.46,15.19,18.65,18.10,19.11,17.30,18.24,18.16,18.15,15.04,19.00,2024-04-17 10:30:00,2024-04-18 16:04:33,2024-04-18 16:04:33
04/17/2024,1045,17.09,17.00,17.01,17.53,17.74,15.62,17.87,17.51,18.16,16.99,17.60,17.55,17.54,15.41,18.09,2024-04-17 10:45:00,2024-04-18 16:04:33,2024-04-18 16:04:33
04/17/2024,1100,17.02,16.99,16.99,17.21,17.30,16.41,17.35,17.20,17.47,16.97,17.23,17.21,17.21,16.21,17.44,2024-04-17 11:00:00,2024-04-18 16:04:33,2024-04-18 16:04:33
04/17/2024,1115,17.74,17.74,17.74,17.74,17.74,17.74,17.74,17.74,17.74,17.73,17.74,17.74,17.74,17.59,17.74,2024-04-17 11:15:00,2024-04-18 16:04:33,2024-04-18 16:04:33
04/17/2024,1130,18.19,18.19,18.19,18.19,18.19,18.19,18.19,18.19,18.19,18.18,18.19,18.19,18.19,18.12,18.19,2024-04-17 11:30:00,2024-04-18 16:04:33,2024-04-18 16:04:33
04/17/2024,1145,19.18,19.18,19.18,19.18,19.18,19.18,19.18,19.18,19.18,19.17,19.18,19.18,19.18,19.10,19.18,2024-04-17 11:45:00,2024-04-18 16:04:33,2024-04-18 16:04:33
04/17/2024,1200,18.42,18.42,18.42,18.42,18.42,18.42,18.42,18.42,18.42,18.41,18.42,18.42,18.42,18.35,18.42,2024-04-17 12:00:00,2024-04-18 16:04:33,2024-04-18 16:04:33
04/17/2024,1215,20.13,20.13,20.13,20.13,20.13,20.13,20.13,20.13,20.13,20.12,20.13,20.13,20.13,20.05,20.13,2024-04-17 12:15:00,2024-04-18 16:04:33,2024-04-18 16:04:33
04/17/2024,1230,18.36,18.36,18.36,18.36,18.36,18.36,18.36,18.36,18.36,18.35,18.36,18.36,18.36,18.29,18.36,2024-04-17 12:30:00,2024-04-18 16:04:33,2024-04-18 16:04:33
04/17/2024,1245,18.53,18.53,18.53,18.53,18.53,18.53,18.53,18.53,18.53,18.52,18.53,18.53,18.53,18.45,18.53,2024-04-17 12:45:00,2024-04-18 16:04:33,2024-04-18 16:04:33
04/17/2024,1300,19.32,19.32,19.32,19.32,19.32,19.32,19.32,19.32,19.32,19.31,19.32,19.32,19.32,19.21,19.32,2024-04-17 13:00:00,2024-04-18 16:04:33,2024-04-18 16:04:33
04/17/2024,1315,19.24,19.24,19.24,19.24,19.24,19.24,19.24,19.24,19.24,19.23,19.24,19.24,19.24,19.11,19.24,2024-04-17 13:15:00,2024-04-18 16:04:33,2024-04-18 16:04:33
04/17/2024,1330,19.15,19.16,19.17,19.12,18.76,19.19,19.23,19.18,19.20,19.15,19.19,19.12,19.11,19.09,19.37,2024-04-17 13:30:00,2024-04-18 16:04:33,2024-04-18 16:04:33
04/17/2024,1345,18.58,18.65,19.02,17.86,9.64,19.35,20.23,19.18,19.59,18.66,19.33,17.79,17.69,19.25,23.53,2024-04-17 13:45:00,2024-04-18 16:04:33,2024-04-18 16:04:33
04/17/2024,1400,17.74,17.88,18.55,16.44,1.71,19.15,20.72,18.83,19.58,17.90,19.11,16.32,16.14,19.03,26.72,2024-04-17 14:00:00,2024-04-18 16:04:33,2024-04-18 16:04:33
04/17/2024,1415,17.48,17.67,18.54,15.75,-3.41,19.33,21.40,18.91,19.90,17.70,19.29,15.59,15.36,19.21,29.29,2024-04-17 14:15:00,2024-04-18 16:04:33,2024-04-18 16:04:33
04/17/2024,1430,16.67,16.86,17.74,14.92,-4.52,18.55,20.64,18.12,19.12,16.89,18.51,14.75,14.52,18.47,28.65,2024-04-17 14:30:00,2024-04-18 16:04:33,2024-04-18 16:04:33
04/17/2024,1445,16.48,16.68,17.57,14.71,-5.00,18.39,20.51,17.96,18.97,16.71,18.35,14.54,14.30,18.28,28.64,2024-04-17 14:45:00,2024-04-18 16:04:33,2024-04-18 16:04:33
04/17/2024,1500,16.30,16.53,17.54,14.27,-8.21,18.47,20.90,17.98,19.13,16.56,18.44,14.09,13.81,18.35,30.20,2024-04-17 15:00:00,2024-04-18 16:04:33,2024-04-18 16:04:33
04/17/2024,1515,16.44,16.68,17.66,14.47,-7.61,18.51,20.97,18.11,19.25,16.70,18.56,14.28,14.01,18.69,30.14,2024-04-17 15:15:00,2024-04-18 16:04:33,2024-04-18 16:04:33
04/17/2024,1530,16.32,16.59,17.48,14.50,-6.77,18.05,20.78,18.03,19.16,16.61,18.46,14.33,14.06,21.33,29.63,2024-04-17 15:30:00,2024-04-18 16:04:33,2024-04-18 16:04:33
04/17/2024,1545,15.61,15.98,16.82,13.82,-9.00,16.89,20.60,17.63,18.92,16.01,18.10,13.63,13.35,26.48,30.12,2024-04-17 15:45:00,2024-04-18 16:04:33,2024-04-18 16:04:33
04/17/2024,1600,16.22,16.64,17.45,14.47,-8.84,17.25,21.42,18.38,19.74,16.67,18.86,14.28,13.99,30.02,31.20,2024-04-17 16:00:00,2024-04-18 16:04:33,2024-04-18 16:04:33
04/17/2024,1615,15.62,16.02,16.70,14.11,-6.77,16.33,20.35,17.62,18.87,16.05,18.06,13.94,13.68,30.07,29.11,2024-04-17 16:15:00,2024-04-18 16:04:33,2024-04-18 16:04:33
04/17/2024,1630,14.81,15.04,16.42,12.61,-6.23,15.85,22.18,17.23,18.94,15.08,17.88,12.46,12.11,32.12,34.30,2024-04-17 16:30:00,2024-04-18 16:04:33,2024-04-18 16:04:33
04/17/2024,1645,15.17,15.51,17.67,11.58,-20.69,17.52,26.08,18.78,21.33,15.58,19.76,11.32,10.77,35.77,44.85,2024-04-17 16:45:00,2024-04-18 16:04:33,2024-04-18 16:04:33
04/17/2024,1700,14.98,15.35,16.59,12.73,-12.40,16.11,22.18,17.62,19.38,15.39,18.27,12.54,12.16,33.82,34.21,2024-04-17 17:00:00,2024-04-18 16:04:33,2024-04-18 16:04:33
04/17/2024,1715,14.88,15.15,16.63,12.34,-13.96,16.63,22.40,17.46,19.24,15.20,18.14,12.15,11.74,29.05,34.61,2024-04-17 17:15:00,2024-04-18 16:04:33,2024-04-18 16:04:33
04/17/2024,1730,15.28,15.20,17.27,12.34,-8.78,17.55,23.98,17.61,19.46,15.25,18.38,12.21,11.78,24.12,36.30,2024-04-17 17:30:00,2024-04-18 16:04:33,2024-04-18 16:04:33
04/17/2024,1745,15.53,15.06,17.60,12.43,-4.18,18.13,24.77,17.42,19.19,15.12,18.19,12.37,11.93,18.27,34.41,2024-04-17 17:45:00,2024-04-18 16:04:33,2024-04-18 16:04:33
04/17/2024,1800,15.43,14.98,17.46,12.42,-4.40,17.96,24.46,17.26,18.97,15.04,18.01,12.36,11.93,17.98,34.55,2024-04-17 18:00:00,2024-04-18 16:04:33,2024-04-18 16:04:33
04/17/2024,1815,14.61,14.33,16.37,11.94,-3.12,16.96,22.23,16.54,17.82,14.38,17.38,11.96,11.52,16.99,31.22,2024-04-17 18:15:00,2024-04-18 16:04:33,2024-04-18 16:04:33
04/17/2024,1830,14.57,14.44,16.51,11.53,-3.84,17.48,22.60,17.39,18.39,14.51,18.77,11.69,11.08,17.54,32.21,2024-04-17 18:30:00,2024-04-18 16:04:33,2024-04-18 16:04:33
04/17/2024,1845,-10.15,14.52,4.61,-35.74,-4.17,17.21,22.46,16.77,18.08,14.58,17.62,12.06,11.61,17.23,31.87,2024-04-17 18:45:00,2024-04-18 16:04:33,2024-04-18 16:04:33
04/17/2024,1900,15.10,14.72,16.96,12.30,-4.61,17.46,23.35,16.82,18.39,14.77,17.51,12.25,11.84,17.47,33.20,2024-04-17 19:00:00,2024-04-18 16:04:33,2024-04-18 16:04:33
04/17/2024,1915,16.20,16.00,19.02,11.88,-8.21,20.18,28.01,19.04,21.65,16.08,20.14,11.68,11.16,20.19,47.08,2024-04-17 19:15:00,2024-04-18 16:04:33,2024-04-18 16:04:33
04/17/2024,1930,16.53,16.40,21.42,8.93,-22.96,23.72,36.64,21.66,26.36,16.54,23.60,8.54,7.68,23.72,71.53,2024-04-17 19:30:00,2024-04-18 16:04:33,2024-04-18 16:04:33
04/17/2024,1945,35.99,35.08,48.08,17.62,-27.59,52.14,87.50,48.35,60.75,35.43,53.34,16.79,14.82,51.98,172.58,2024-04-17 19:45:00,2024-04-18 16:04:33,2024-04-18 16:04:33
04/17/2024,2000,33.08,32.08,44.61,16.04,-28.72,46.44,83.87,45.57,58.43,32.39,50.62,15.27,13.36,45.99,168.10,2024-04-17 20:00:00,2024-04-18 16:04:33,2024-04-18 16:04:33
04/17/2024,2015,21.85,21.45,27.59,13.58,-22.53,27.57,47.75,28.61,35.37,21.60,31.17,13.18,12.11,27.19,89.65,2024-04-17 20:15:00,2024-04-18 16:04:33,2024-04-18 16:04:33
04/17/2024,2030,38.84,37.92,52.10,19.29,-17.14,53.86,97.35,53.01,68.00,38.27,58.74,18.25,16.29,53.31,174.58,2024-04-17 20:30:00,2024-04-18 16:04:33,2024-04-18 16:04:33
04/17/2024,2045,60.19,58.26,85.53,22.52,-2.16,90.35,170.98,85.77,113.70,58.93,96.61,20.52,17.20,90.15,307.95,2024-04-17 20:45:00,2024-04-18 16:04:33,2024-04-18 16:04:33
04/17/2024,2100,14.66,14.24,21.42,4.65,-1.95,22.47,44.30,21.57,28.96,14.42,24.42,4.12,3.24,24.92,81.89,2024-04-17 21:00:00,2024-04-18 16:04:33,2024-04-18 16:04:33
04/17/2024,2115,21.67,21.16,30.76,8.14,-0.90,32.48,61.26,30.87,40.57,21.41,34.66,7.40,6.23,36.57,110.00,2024-04-17 21:15:00,2024-04-18 16:04:33,2024-04-18 16:04:33
04/17/2024,2130,19.29,18.95,26.55,8.46,-0.70,28.06,50.71,26.65,34.29,19.15,29.64,7.86,6.91,31.81,89.88,2024-04-17 21:30:00,2024-04-18 16:04:33,2024-04-18 16:04:33
04/17/2024,2145,17.70,17.24,23.79,8.84,-0.30,24.05,45.05,24.28,31.50,17.40,26.95,8.35,7.53,24.26,78.56,2024-04-17 21:45:00,2024-04-18 16:04:33,2024-04-18 16:04:33
04/17/2024,2200,15.60,15.14,21.10,7.72,0.94,20.89,40.64,21.64,28.37,15.28,24.08,7.28,6.55,21.14,71.05,2024-04-17 22:00:00,2024-04-18 16:04:33,2024-04-18 16:04:33
04/17/2024,2215,15.17,14.67,21.55,5.78,-1.82,22.36,43.36,21.77,29.02,14.85,24.50,5.27,4.44,22.17,78.20,2024-04-17 22:15:00,2024-04-18 16:04:33,2024-04-18 16:04:33
04/17/2024,2230,14.36,14.08,19.17,6.97,0.05,21.07,34.58,18.92,23.70,14.22,20.83,6.56,5.94,20.96,60.56,2024-04-17 22:30:00,2024-04-18 16:04:33,2024-04-18 16:04:33
04/17/2024,2245,13.05,12.83,16.77,7.32,2.45,18.25,28.70,16.56,20.25,12.93,18.02,7.01,6.53,18.16,48.83,2024-04-17 22:45:00,2024-04-18 16:04:33,2024-04-18 16:04:33
04/17/2024,2300,13.56,13.41,15.79,10.13,8.48,16.66,22.99,15.64,17.86,13.47,16.51,9.94,9.67,16.60,35.04,2024-04-17 23:00:00,2024-04-18 16:04:33,2024-04-18 16:04:33
04/17/2024,2315,9.88,9.80,10.95,8.24,7.49,11.36,14.40,10.87,11.94,9.84,11.28,8.15,8.02,11.33,20.20,2024-04-17 23:15:00,2024-04-18 16:04:33,2024-04-18 16:04:33
04/17/2024,2330,8.34,8.30,8.98,7.37,6.92,9.22,11.02,8.93,9.57,8.32,9.17,7.32,7.24,9.14,14.47,2024-04-17 23:30:00,2024-04-18 16:04:33,2024-04-18 16:04:33
04/17/2024,2345,7.53,7.63,7.54,7.44,7.32,7.78,7.30,7.79,7.87,7.64,7.99,7.43,7.43,7.97,7.29,2024-04-17 23:45:00,2024-04-18 16:04:33,2024-04-18 16:04:33
04/17/2024,2400,5.01,5.14,5.02,4.94,4.80,5.27,4.73,5.31,5.38,5.15,5.53,4.92,4.92,5.64,4.67,2024-04-17 00:00:00,2024-04-18 16:04:33,2024-04-18 16:04:33
